id,fitness_score_fold_random_5,fitness_score_fold_modulo_5,fitness_score_fold_contiguous_5
0,-0.7504288252464515,-0.6239916908196221,-0.5591259194112638
1,-1.6648383799747448,-1.467700443379268,-1.2665146840730526
2,-1.1780024213944296,-1.0563378546535305,-0.9667333844624908
3,-0.970345169003235,-0.9478007454588454,-0.7199092879307268
4,-1.4603958212281691,-1.2284962119501082,-1.1061029327350218
5,-1.1078006140045578,-0.9634655108748167,-0.830633070775488
6,-1.758529950528454,-1.5763691542653286,-1.4115908243221957
7,-0.9818525210379202,-1.147499289492182,-0.9718648001781737
8,-1.053733060478587,-1.1396347368884499,-1.0171023780831445
9,-1.7403746906826598,-1.4876115003538635,-1.324394308615417
10,-1.4487573115640113,-1.392380363335864,-1.0933280804854673
11,-1.7031195974324194,-1.4318018288158294,-1.2218964805659402
12,-1.4431963643132646,-1.151738312907748,-1.022022281196418
13,-1.1521964560054863,-0.9351112388644274,-0.8256555192689621
14,-0.9562807580588513,-0.7442151912166483,-0.6098337896847918
15,-1.028278308867489,-0.9780816873173177,-0.9434160659987656
16,-0.8045600096430998,-1.1261123283351304,-1.1127251186621008
17,-0.9147109063406271,-0.7827980957388754,-0.7619651318627414
18,-1.64650052856951,-1.49260643593476,-1.2508925150723758
19,-1.814069607188152,-1.463316457033613,-1.1186968520500244
20,-1.316191646187372,-1.3339123307777072,-1.360635948637544
21,-1.557478871781426,-1.5872755894611261,-1.380119589151742
22,-1.4144829549452866,-1.3550970274594032,-1.1626951316899117
23,-1.1441233359588354,-1.033096325973904,-1.0462909257132396
24,-1.3530037708193379,-1.0676673571389899,-0.9430885390901969
25,-0.900204403518133,-0.7061787393841301,-0.7596989068712403
26,-1.1580868085446858,-0.9407305150010828,-0.9031715859284641
27,-1.657318438098916,-1.3448687140845421,-1.1487372601268515
28,-1.5454789481365911,-1.5642922991522132,-1.3773769341187925
29,-1.624893556327041,-1.339567434883859,-1.1914052621279008
30,-1.1540880669350249,-1.0457934278571437,-0.957442797088815
31,-1.1916998438745323,-0.8983848123884666,-0.7414124214338158
32,-1.4152998861182093,-1.236378226329821,-1.2089566887391632
33,-1.366954860160393,-1.162630614438858,-1.1457999469144988
34,-1.4132841520554629,-1.3519248265179553,-1.1547301036991675
35,-1.2938599295253008,-1.2297118926704587,-1.2242628222324865
36,-1.146840591343031,-1.017467822498901,-0.9734836922482292
37,-1.924956787687965,-1.6938011550078682,-1.5453506313911267
38,-1.8481284941977434,-1.604264551949796,-1.2497064126967075
39,-1.7498265590281723,-1.7157942275232858,-1.5946137087668089
40,-1.801553025803692,-1.5113785519950058,-1.4529343345789307
41,-1.5348610462148333,-1.6111518650375363,-1.3604419216708095
42,-1.6422829466917142,-1.4026960237044206,-1.4447737416627775
43,-1.6626507411910927,-1.4794685509383425,-1.425036927837396
44,-1.9106044440617678,-1.72942101339605,-1.4418279249315962
45,-1.8095954882222074,-1.6971493775478423,-1.4662659503082114
46,-1.7394724133442756,-1.4974429472063535,-1.3289385971091472
47,-1.662791168936753,-1.5162840187647328,-1.2938776801581051
48,-1.6166427717218155,-1.3747527394641925,-1.2736110788666586
49,-0.7790121279931443,-0.789538337025976,-0.7921627232603495
50,-1.7431193621977588,-1.721765839549648,-1.6061191064325395
51,-1.9303736282425308,-1.7030155156812667,-1.5207024127579059
52,-1.61514826035399,-1.544187316855835,-1.4159620128727743
53,-1.827886099122566,-1.730694986478291,-1.5493152422296457
54,-1.7350328943192064,-1.5642212017678911,-1.4704716370496893
55,-0.8489320068371425,-1.194581431124972,-1.156175184292855
56,-1.766375275435568,-1.5670241521440267,-1.4798328706856887
57,-1.3361120087445386,-1.121582413429583,-1.1808418106919505
58,-1.3340206711610312,-1.4629521331042565,-1.4082628370009995
59,-1.7282955601320267,-1.6497356094572506,-1.613410222410034
60,-1.738924732875633,-1.4864587015431932,-1.4626610688636055
61,-1.6051095300283622,-1.5855792834696936,-1.5157658048320788
62,-1.8264953944744304,-1.6009539759464284,-1.5140733159387072
63,-1.0504212251526153,-1.132358629608915,-1.0848152177528934
64,-1.2617188175206808,-1.3461773609941852,-1.3337447492246648
65,-0.9989414115038798,-0.8002135591684962,-0.8026869254010885
66,-1.5693925050093371,-1.4961149097469253,-1.4208604372583844
67,-1.6013864984803476,-1.5860792547492775,-1.4564237076790614
68,-0.37202806290695956,-0.3247111799080867,-0.31030407396023596
69,-0.05948135465545669,-0.013920963481244447,-0.07035877854954298
70,-0.07765490800442426,-0.06343677867557831,-0.13772448494966136
71,-0.6006256527377613,-0.5435890789039871,-0.559581949811127
72,-0.6459269122786402,-0.5768347493916075,-0.43652289810792927
73,-0.514272343096341,-0.3803084063264959,-0.3572720822538565
74,-0.33746470764274394,-0.3146862930696707,-0.27546397050874655
75,-0.3558608723185295,-0.2931543926390054,-0.28298871073374543
76,-0.2978693425817126,-0.20358869766736962,-0.20164896747784986
77,-0.23236372100907604,-0.21586938744629972,-0.2363970244282226
78,-0.24234292095164808,-0.2551896504478946,-0.21197653202207958
79,-1.297770001692965,-1.2790215028385794,-0.9632716270094465
80,-0.16990860397355756,-0.10036080647655528,-0.10750261057014203
81,-0.27998891049520364,-0.2581383176743381,-0.3127913881109857
82,-0.35013662630902204,-0.26373191166101456,-0.22055482394357
83,-0.4408356491751124,-0.38081970139010235,-0.3477208183424846
84,-0.5445138630419134,-0.4603760308418155,-0.37728082136561475
85,-0.6459576349183933,-0.6337656051978021,-0.655349571162909
86,-0.46916568300179534,-0.4220638322101251,-0.41966612485678956
87,-0.43270999905933855,-0.507751694792973,-0.33604455771696606
88,-0.5951824934580838,-0.6280016085216769,-0.48550082995344923
89,-0.4052462587348543,-0.42386910730809535,-0.42247071799023955
90,-0.6942934056041752,-0.8047777592360416,-0.47836260920501683
91,-0.5721870939407719,-0.5579720556794049,-0.3915015582597069
92,-0.44608857767210836,-0.5459479836420843,-0.36078920719733115
93,-0.5291137657257682,-0.6428282552952631,-0.39962374677666596
94,-0.20399177617700254,-0.2390856554543411,-0.18182831722200074
95,-0.49077358936494897,-0.6186069278315006,-0.3057214118973271
96,-0.5021984407397514,-0.5860182821102199,-0.3545528168611221
97,-0.1968947439627067,-0.30815923839316206,-0.23578368219618107
98,-0.7900492831952376,-0.9224107682035536,-0.6442833999034541
99,-0.327245281013515,-0.4191230335345237,-0.2604493353942676
100,-0.1489938611102121,-0.2856452351676522,-0.24124864308380345
101,-0.32665186018400966,-0.3997732534531742,-0.23964743597433458
102,-0.45030300318341443,-0.5738353638742684,-0.4179840635532539
103,-0.6438451746130747,-0.7161284135023123,-0.49084105915155457
104,-0.7419366424552348,-0.7942187358922346,-0.5179942061760361
105,-0.6327321950348825,-0.7943823187827118,-0.44539632732670886
106,-0.14119295180502353,-0.2606819773478698,-0.3224706028578368
107,-0.4734474066828838,-0.4571766897642751,-0.5107044801435383
108,0.07962300287417602,0.009536494800878571,-0.037384336889525395
109,-0.9031433800110615,-0.7505554504349764,-0.7626001908466012
110,-0.9579847166599071,-1.0387764785282618,-1.0276746696977863
111,-0.7403426918630581,-0.6967245659269132,-0.6752655677530892
112,-0.5750381727881442,-0.5170162584088673,-0.591976604131351
113,-0.22767595964162146,-0.38435917816878173,-0.3716599781299924
114,-0.2877041197150649,-0.3341543963489335,-0.35307051480101376
115,-0.5599002945622449,-0.45164687769065787,-0.4935155790846787
116,-0.34430179220609364,-0.3772413164854653,-0.3515919839603898
117,-1.7453025384206045,-1.7843024987119813,-1.545862845617348
118,-0.302015978469021,-0.43014754280568757,-0.39440631519569586
119,-0.4365576654270904,-0.33056553544985146,-0.374611047664134
120,-0.5002865444239949,-0.5579575003630797,-0.5617095905600852
121,-0.42985810168759625,-0.5970872136790848,-0.589688874579103
122,-0.7158089362461553,-0.7197625910030735,-0.8052979609519256
123,-0.7339221644583465,-0.7365939188305292,-0.7654975596976282
124,-0.8237095122795056,-0.6391292065075385,-0.7000041649452284
125,-1.5231845601969898,-1.1181401009563021,-1.1508319514166474
126,-1.0756251938286638,-0.6783047426486892,-0.8009627263800693
127,-1.326085577718814,-1.11631931554272,-0.875728282330929
128,-1.2653798349512806,-1.1079225871349372,-1.233951919124771
129,-1.2397178373412066,-1.0263204839772067,-0.9021284321819502
130,-1.2264651821263035,-0.9997856403720247,-1.0992130880966942
131,-1.9008031076982737,-1.2278627611431128,-1.1741828387400284
132,-1.5611532317484327,-1.105384243330872,-1.1038259623569184
133,-1.5935070529183126,-1.230719251058802,-1.0884629139248114
134,-1.1659843827361052,-0.9587270360184912,-0.9748917220639494
135,-0.9029141465444952,-0.5576817863144653,-0.7780651272069393
136,-1.0940915441815657,-0.7761737259301404,-0.8224486716993582
137,-1.3994123982718276,-1.0912050610413981,-0.9656758550700082
138,-1.3905487791189906,-0.9508350906616517,-0.8896004300941598
139,-1.1184075818167718,-0.9296807535740748,-1.0046863752294048
140,-1.3854029062803606,-1.1289904393987733,-1.1018180419174013
141,-1.6776521461086293,-1.266742312912048,-1.2012901474525017
142,-1.3400530328228029,-1.0899362503370922,-1.1064866781918639
143,-1.2431419354743873,-1.0762409599448899,-1.2439390044002407
144,-0.4088060447433529,-0.16339798688693935,-0.280587378701168
145,-0.3835525990359757,-0.24440443568251569,-0.23190670469290064
146,-0.0048976598075630845,0.10752283744595688,0.05408758223145389
147,-0.8282535517981521,-0.685255351328889,-0.7568110801792124
148,-0.5865245467529409,-0.514121261830102,-0.6079670405305165
149,-0.5573232233163355,-0.4957683581548184,-0.7111701736612792
150,-0.661344603112774,-0.5581086122132518,-0.5523237206575679
151,-0.738011547988366,-0.5556812674885677,-0.5574326859463349
152,-0.8349749748148654,-0.5304447098681614,-0.5398828380379007
153,-0.614898346805755,-0.5293833245970854,-0.5653227193227802
154,-0.632413560701284,-0.5242665300325445,-0.5961658630803343
155,-0.8150272129332778,-0.6348843252502072,-0.7179696532330317
156,-0.7306581716527288,-0.4696411479026892,-0.6311105939894106
157,-0.7316770651688443,-0.49985616837398217,-0.5909173828187873
158,-0.3905980858199705,-0.3111554597249143,-0.3291233135322313
159,-0.8240024082685817,-0.6057877268227011,-0.6434278573769387
160,-0.6772830493076617,-0.49057665190209415,-0.5600902945046266
161,-0.5558378848347617,-0.3977959354237345,-0.6000633707093326
162,-0.6945672092104934,-0.5694469769549911,-0.7121434103429962
163,-1.019495168279456,-0.839332744465478,-0.7458889241878981
164,-1.3247137740660864,-0.9470342633956156,-0.7926459256595063
165,-1.0011297440947289,-0.7995202659120375,-0.8647909184638591
166,-1.747135692966316,-1.4273665711552852,-1.278599942175948
167,-1.4983942636718133,-1.204498874287116,-1.2185629618871656
168,-1.6435911995913048,-1.1622571718608896,-1.2106452039498394
169,-1.383268594836255,-1.0537253835238023,-1.0477473622042925
170,-0.9158295297647933,-0.7197247964403081,-0.5444580345956659
171,-2.088231187033825,-1.8508443277948323,-1.6543430406635324
172,-1.3251522957051705,-0.9923430865525733,-0.9869388379368317
173,-1.7409241793047276,-1.2843373400320646,-1.3404668419839325
174,-1.2574733694444309,-1.0896187983465784,-0.9766825414902957
175,-1.2244560949771581,-0.9883936615779375,-1.0255443280548406
176,-1.1307780623084076,-1.0247976322275065,-0.9186816090544342
177,-1.3578297447401693,-1.0600799677744495,-0.9801740765551676
178,0.07972474478711937,0.12807669857227136,0.10662383105833133
179,-0.09343885219378903,-0.07708723516547221,-0.22207635526120342
180,0.019758998726805817,-0.05957673339415078,-0.09083741183420062
181,-0.4056233057932899,-0.3830035734918244,-0.5094093140110852
182,-0.35087787529359804,-0.3862128245688762,-0.3173231660141242
183,-0.2885126418242956,-0.2993412501243485,-0.39608500416420517
184,-0.17301899894215575,-0.19116249400892346,-0.296169845681448
185,-0.16703387417966145,-0.12020116314473459,-0.1527932213090505
186,-0.1792138973444976,-0.10779314156736612,-0.16768634753614461
187,-0.18720044606632874,-0.16405947471538904,-0.30806522385555246
188,-0.05118963486631854,-0.04405514374445905,-0.09330361613656626
189,-0.2837220027533559,-0.42211459159072084,-0.43873878714856984
190,0.0646401925340488,-0.0022807399275468253,-0.03940035693043945
191,-0.19002597674366903,-0.1269570320324104,-0.1235388131960531
192,-0.08722191511659666,0.0063326986864422966,-0.0967605641445006
193,-0.11267249950533986,-0.14017784069549236,-0.2619934486189845
194,-0.3341386177696427,-0.3201479450115833,-0.44412236265255867
195,-0.3815009897287204,-0.30471848559898,-0.4597793219953817
196,-0.4326419933996661,-0.4036772733205241,-0.5869789192568368
197,-0.30598816508035764,-0.017021892085202425,0.08876486318083601
198,-0.6781415883091716,-0.13897998558086747,-0.12299618031932684
199,0.0029690334670044024,0.08933756163531305,0.02704759343319193
200,-0.7743486589973966,-0.24375809170086413,-0.23686477388935823
201,-0.4431717937417034,-0.09901280938731677,-0.12021385395631448
202,-0.5831934596899426,-0.19992067279539083,-0.12421625129413108
203,-0.5358357259481331,0.001509985791026451,-0.020355000769840308
204,-0.3838586238096404,-0.020557277686041663,-0.04187138636778172
205,-0.47332933865174615,0.07681402610257874,0.09451192418122437
206,-0.5646914230504412,-0.03452544572997638,-0.036777049618349635
207,-0.3034017537310038,0.0481021659913972,-0.005902875155112016
208,-0.6402350349785,-0.31481926441227337,-0.29862526615114576
209,-0.5794672228011087,-0.073774388625974,-0.0608456971407091
210,-0.335092329645732,-0.012467086970468468,-0.05252068458554442
211,-0.3957372448632436,-0.07622196311982063,-0.08543506157311903
212,-0.23679559780379592,0.04787204704791553,-0.0074377170816530384
213,-0.4519195719886559,-0.09484115091260549,-0.032912983781371426
214,-0.6199740474495983,-0.23758828402764476,-0.18795444501856062
215,-0.8338289163666948,-0.27598964211474053,-0.22078832600813322
216,-0.09924721655388616,-0.06981089344210248,-0.18773796314259478
217,-0.5866084841389231,-0.6312057769680282,-0.3336115356112367
218,-0.4027763094043159,-0.5094329956311149,-0.29846333589030843
219,-0.7227669662563164,-0.9060060855460931,-0.5617640150458515
220,-0.6810061981464148,-0.7744610618102258,-0.6073420112084499
221,-0.6109340877181934,-0.6226943570117272,-0.3940899503433782
222,-0.46328417090792817,-0.6455236828390868,-0.2492475180077101
223,-0.353334943816382,-0.39833967745745213,-0.2504913893154237
224,-0.4645770181969996,-0.5290037459374293,-0.2026583581289735
225,-0.533059903979146,-0.6063427488809694,-0.3566966436284797
226,-0.41937771867899676,-0.622264975198595,-0.4659635588044555
227,-0.20789217997364348,-0.1410807752621587,-0.2624862828040847
228,-0.22546475684515266,-0.4537464444639784,-0.2974836643039964
229,-0.2820535507708775,-0.36337290278679807,-0.30356709586404496
230,-0.597890699160648,-0.6109475131030854,-0.34061371229690174
231,-0.5298667677611751,-0.6368531558967697,-0.3017594955280367
232,-0.6912125084562669,-0.9032981765531524,-0.48037697576550825
233,-0.9336590558593019,-0.9797855212186717,-0.6556956409992789
234,-0.3166722597070178,-0.517845498539649,-0.5062320812670073
235,-0.6053906769974305,-0.7992704911168724,-0.7564071270516726
236,-0.35564016787959646,-0.46244013035519843,-0.4167966686617448
237,-0.4544408809448672,-0.7164481897852054,-0.6927301462229967
238,-0.5423164136193183,-0.7195784041081043,-0.6689162308556607
239,-0.4259615713432934,-0.6695536393887149,-0.6265265196391723
240,-0.43105617107421135,-0.7561242819062127,-0.7818827415131607
241,-0.5228276787709258,-0.7670573621194072,-0.7964797895910942
242,-0.6488382222624969,-0.8861851077445582,-0.8375658199309961
243,-0.3614183835018903,-0.7196430902269282,-0.7333835373085442
244,-0.5633982367234851,-0.7745115217668426,-0.6895143722469539
245,-0.8943550602447672,-1.1194113877314023,-1.0530229194874434
246,-0.292581315579866,-0.5334714650853002,-0.5200048783473828
247,-0.4000731836645935,-0.6890069853597897,-0.7510310203269814
248,-0.42016438480092144,-0.624085117129881,-0.5692016016341327
249,-0.3348807108309934,-0.5987129329592368,-0.587134641415532
250,-0.5247059428468792,-0.7192697777551413,-0.7312824870401314
251,-0.5099100115947407,-0.6353089518601721,-0.5519195437558871
252,-0.37279155176803214,-0.6513923880494525,-0.6105062623397508
253,-0.10748245722561027,-0.05313428577048027,0.07444048877124325
254,-0.6412397057137194,-0.3856456163850695,-0.26209498054617064
255,-0.8145776784216306,-0.8278600414371985,-0.5721120983560621
256,-0.8384173051838391,-0.5010846377278552,-0.47210104842933337
257,-1.231986929871975,-1.1669116117071527,-0.8930510026020181
258,-0.5815387957463736,-0.490615319821953,-0.41535238425268145
259,-0.5689564189978104,-0.5372404174157395,-0.5004680867517393
260,-0.5651602802023727,-0.5502091463275011,-0.44695275262980994
261,-0.21246749113297136,-0.14130044311953024,-0.16756140723262192
262,-0.5331519195112949,-0.3453851227083928,-0.39302875572989504
263,-0.7876390645703227,-0.7154568505105232,-0.5880788508522882
264,-1.0244334329773261,-1.1165918749857355,-0.8526847971642421
265,-0.46607620937490446,-0.4262733874844854,-0.30441608213034116
266,-0.48583791362029843,-0.38315742752000326,-0.34565510221550866
267,-0.7218329900512777,-0.7056789498687926,-0.4665395792727695
268,-0.7568582057650417,-0.7335921708075857,-0.6369675791503526
269,-0.6429196072894332,-0.6537479998229889,-0.5006002869461211
270,-0.7339295685050884,-0.6920225166387347,-0.5795498562583591
271,-0.9088524510126804,-0.6596144002088499,-0.5803399873666115
272,-0.20345917455538534,-0.30917515328950057,-0.39036674215796
273,-0.41366299031397824,-0.41756891204481933,-0.4222177522308683
274,-0.16838597043324796,-0.2559216531172415,-0.20003416172429037
275,-0.6873007642173524,-0.7142040411942496,-0.6819360000752436
276,-0.8247428471329861,-0.8708668791618012,-0.9035503774308615
277,-0.5690473069083204,-0.5128284944894079,-0.6066802260275181
278,-0.5255209881345861,-0.5861903987605981,-0.5348935469234644
279,-0.3511475494349424,-0.3791187555870941,-0.4773924496404665
280,-0.4888690767536239,-0.5915371149906001,-0.6168159227115432
281,-0.5088449394881126,-0.5914434283042496,-0.6099058560214203
282,-0.48128108709741924,-0.4354177618990953,-0.48856265518272884
283,-0.7617756680333153,-0.8665476720768915,-0.941582382792785
284,-0.32457494231203415,-0.5029501130457439,-0.5853787496815124
285,-0.35237909132205136,-0.39552432702525675,-0.4797046961018048
286,-0.31968797311934044,-0.44617633041036164,-0.534999945100271
287,-0.42103969883027353,-0.5093572715558493,-0.6016847685455377
288,-0.559147325951251,-0.6556853728782411,-0.6471934451155944
289,-0.5517075618283046,-0.6822100507244367,-0.6850594193971531
290,-0.8239503542140336,-0.657111333334426,-0.7088435334604611
291,0.09491635496717671,0.028599165031452788,-0.003641176180012127
292,-0.15718276730907701,-0.22734121412539804,-0.2454018296828911
293,-0.061800225330614134,-0.08754430785149214,-0.1491456002157343
294,-0.5584976518876049,-0.6462198267560554,-0.5884725274124673
295,-0.540871603719455,-0.5166631912043056,-0.4562739159551124
296,-0.23704412740031242,-0.3341224255602917,-0.33664757516787575
297,-0.44331319392437707,-0.6208444589985948,-0.5393267965389426
298,-0.21195824573754316,-0.2864438365149736,-0.22992789420527146
299,-0.36898704424724793,-0.5195847545379818,-0.4125312043097682
300,-0.3734862138422271,-0.44981752884861487,-0.3774674346993745
301,-0.1699602076489158,-0.21107652756364995,-0.14416406773605905
302,-0.4439960068630769,-0.34535458033764055,-0.41502275563559715
303,-0.08109673885175045,-0.0970766668473272,-0.12260685424483635
304,-0.2975659308429454,-0.25615542933440477,-0.18147542950347012
305,-0.18800776635660754,-0.14205847105171956,-0.22060091865325923
306,-0.3451001806007957,-0.3782323311630797,-0.37446575678479543
307,-0.4642787398443199,-0.679878984236057,-0.6531523157656035
308,-0.4026482950801435,-0.5041389426879942,-0.4114771009139461
309,-0.4017814898550722,-0.5968828781332656,-0.5773157322589881
310,-0.2780011135935978,-0.33265996669852177,-0.29522693394053146
311,-0.19885560330260713,-0.22655359789994783,-0.3011595592053343
312,-0.26172003706135966,-0.3306437487911203,-0.3053714059485622
313,-0.2355601751854897,-0.2954827144320026,-0.19793648332468297
314,-0.016640345654947878,-0.02978618440801697,-0.3501191073840435
315,-0.2945983493731825,-0.38477284667938283,-0.4711249221887156
316,-0.12683359389381776,-0.02404363353457653,-0.1514364208487059
317,-0.5076435199236603,-0.5719654598182566,-0.3999343131196531
318,-0.09822476115622712,0.004650266140912865,-0.18287751992159482
319,-0.14608654846024605,-0.19259692875045384,-0.28390247826544224
320,-0.1512533955687537,-0.16919165882717763,-0.1349650684744301
321,-0.4419026921655426,-0.43558757564058476,-0.4900082917567139
322,-0.21627351814545728,-0.24852429808778473,-0.0986820692024527
323,-0.2828157434160266,-0.3136369444170669,-0.10798965945100658
324,-0.2020919403304899,-0.22108695336437456,-0.2342322966430163
325,-0.2975348635755025,-0.2786555404688427,-0.2830707899139908
326,-0.2865436699181855,-0.24405654997822027,-0.23813052055540632
327,-0.2411271936279198,-0.09443455680215415,-0.22776846744751034
328,-0.08437425647124307,-0.06203911751616098,-0.28463629808378854
329,0.3227146321670184,0.03790227088039139,0.18536360176662042
330,0.034069460963248616,-0.1922111116826802,-0.0908289118116629
331,0.05820853528049355,-0.2961675490878397,-0.14070054817428623
332,0.24695602871365943,-0.05387028804425159,0.1467049542891152
333,0.28073932384116806,0.1280359753087918,0.23117441269801503
334,-0.10230396784268127,-0.38773036992056115,-0.277049270517815
335,0.15813235182325344,0.10674955900116516,0.18454739449581184
336,0.07697088416604926,-0.10532030724263165,-0.10386244290215411
337,0.3015878147329858,0.12905035452995464,0.2117414420931486
338,0.19145273803684468,0.002219356250346829,0.0816107489062464
339,0.10400688162098232,-0.19618984092393127,-0.16684433069818522
340,-0.3275526511334316,-0.6565507991702519,-0.7541164016274389
341,0.2824212159103749,0.020691860050182108,0.08888274833541498
342,0.1893894300632094,-0.041736578166172114,-0.11445692103748524
343,0.15579091341153878,-0.16138933414534912,-0.05193260123332753
344,0.06612905766192159,-0.24426718790841379,-0.1542631950075391
345,-0.010438309734918341,-0.17325486248177582,-0.10066097817703165
346,-0.08311388858056881,-0.2960577953526215,-0.24705172144566578
347,0.1352025037094687,0.12030359692324764,0.19522952275084227
348,-1.5287993114093537,-1.3720549257514878,-1.3635406154112972
349,-0.8405100280674677,-0.6088197469783103,-0.45956227521501186
350,-1.7371341843492178,-1.505872809265378,-1.0619905693538585
351,-1.772703212053554,-1.5115145152337994,-1.2479203992996157
352,-0.8263173577197941,-0.8969580359465649,-0.7093571965080074
353,-1.7034514899059492,-1.6232544096011665,-1.1176223550283928
354,-0.04576305159135881,-0.11167697184124985,-0.09940661890677584
355,-0.6941041976500233,-0.709579042555187,-0.62659239291392
356,-1.4999330559780144,-1.252774360949291,-0.9947965057491354
357,-1.85223097049595,-1.7086318714571223,-1.2922086013977423
358,-1.710060561509401,-1.5045709299616261,-1.40888890104471
359,-1.52516252022685,-1.3518233575630139,-1.3704100728604205
360,-1.9486415978526737,-1.6178025955545388,-1.3328904772838952
361,-1.852793195658792,-1.5303408112773695,-1.4503439736179151
362,-0.6065207075488968,-0.4566519957548158,-0.4925857527468072
363,-1.3414450088232175,-1.1952353011295955,-1.0527524539124162
364,-1.1483856765014702,-1.123769605718925,-0.8926136169815508
365,0.09745080054655773,-0.32839096472726215,-0.24346410271450264
366,-0.07096666832463477,-0.33042965704969546,-0.2313113385967272
367,0.06775658710385696,-0.30909107916668616,-0.2107324622111901
368,0.12311910546602217,-0.23932142545235285,-0.17553307116483735
369,-0.27687299148239386,-0.4959402785124866,-0.42158867837277497
370,-0.49097279271098876,-0.8720914448386429,-0.632682773420585
371,-0.17983595042403264,-0.5071310753356579,-0.39736789017135543
372,-0.27515895881739383,-0.5120485860148886,-0.35547944753260863
373,0.013188014778126481,-0.09322910694263187,-0.07384415322857836
374,-0.04799432765935395,-0.22037791975608312,-0.19520903719823482
375,-0.2514269764841279,-0.5168258634822105,-0.4339086794771784
376,-0.2670423173108064,-0.49416399527650895,-0.37378433066859434
377,-0.2549787694505112,-0.46499891326336884,-0.37838804373220075
378,-0.19444085568930616,-0.450022127111104,-0.23415057436925302
379,-0.1543008838427971,-0.5513548027945561,-0.4386976843502052
380,-0.20884430553550867,-0.4748625273512482,-0.43831528856068397
381,-0.06177995241251684,-0.14978444640741642,-0.12876807782198155
382,-0.19938247642273735,-0.5689536909645241,-0.46589949383613427
383,-0.33441274239096186,-0.5552970867383458,-0.4989160747868041
384,-0.21872034552666894,-0.339347642515965,-0.1985737454280958
385,-0.550806922543762,-0.5507198388848004,-0.42670424876867674
386,-1.0066612659885195,-0.921296742376865,-0.6699905475236023
387,-0.7263827148513704,-0.7450369277260362,-0.6175379971312454
388,-1.026504262464293,-0.956918023294074,-0.9888637894349961
389,-1.2554183906008793,-1.3148724475381692,-0.926268739232859
390,-0.6650423175693694,-0.6648514650867919,-0.5833770966239745
391,-0.3555810514013305,-0.5792940864345049,-0.5404905339003087
392,-0.3156792526135506,-0.44972022757576796,-0.38668280016662604
393,-0.4408759146929751,-0.491477943873214,-0.4674031745376163
394,-0.615371960598871,-0.6203963715562193,-0.3433026389791688
395,-1.1589971706497693,-1.1728984131484412,-0.7537244837706293
396,-0.538712968126958,-0.5675352728684874,-0.5182110526127184
397,-0.09234461809781118,-0.11724699607980912,-0.08152264970093896
398,-0.4773757430151913,-0.6317762161176524,-0.3249769817580752
399,-0.6235898537753611,-0.733382918674943,-0.4918635601309078
400,-0.5226612017509863,-0.6870774185977927,-0.5891107703964165
401,-1.0861922535124724,-1.067954579670377,-1.0867638156016393
402,-0.9843740415383258,-0.9722444460422239,-0.9693225178326126
403,-0.3259147946668316,-0.5276506346899,-0.8343436147134194
404,0.07097355501973124,-0.19596284051351018,-0.5101693799365339
405,0.19138529561883544,-0.11564506142162738,-0.07732304197239094
406,-0.01300862982232894,-0.20889708344766483,-0.03959192612028885
407,-0.11609831211285364,-0.36549832036750035,-0.569894655143776
408,-0.2107672593782319,-0.3694435926267792,-0.46685092977476433
409,0.05709351404028136,-0.07491058689593784,-0.25294016878036996
410,-0.009695682855613135,-0.49462902166095946,-0.6721357231544204
411,0.09402205896436959,-0.4191892357734932,-0.6018059215979986
412,0.21864814511649655,-0.2721548773205236,-0.46453672638626514
413,0.2478387524931911,0.09126011506948421,0.060714099455856846
414,-0.6446527204652234,-0.8359087241699014,-0.8226143332099239
415,0.04995332917828847,-0.1363411469520978,-0.2226120784173975
416,-0.19540343653735232,-0.1861754412283658,-0.3054589845520745
417,0.24158176679121973,-0.11486929610132507,-0.25786998099203284
418,0.01671172675771289,-0.21010385330400297,-0.28310174149213924
419,-0.15272070955526915,-0.41301786431231036,-0.6053111798757957
420,-0.436234557916328,-0.5292200108987339,-0.6541631618114958
421,-0.009665336636932573,-0.21256089174145995,-0.48542829193687714
422,-0.3186878233218617,-0.38994645814954926,-0.4339279920540395
423,-0.5198445095040369,-0.6615692078533667,-0.6153346567450123
424,-0.6488370906481733,-0.7258813903065886,-0.7999620390193894
425,-0.5054657441940709,-0.5818457078475403,-0.5317277073644054
426,-0.7365969646352635,-1.0292601013746396,-0.9504832740915912
427,-0.7670194954497855,-0.8509176231809265,-0.9111242823734762
428,-0.45704607836494254,-0.6139452907338769,-0.6130560364425365
429,-0.8054472863337935,-1.2076354292797435,-1.1749107410553308
430,-0.46469199126087285,-0.6716091253327197,-0.6887668621520854
431,-0.6707699958718387,-0.8593944959603755,-0.8435203938443271
432,-0.1650497490354375,-0.17331351042511917,-0.24465602210485776
433,-1.6810999784710772,-1.7704175023608404,-1.6858371283288958
434,-0.33509598384614064,-0.4605761808024847,-0.45415132276300557
435,-0.3087246508066146,-0.32107271648765523,-0.37279318259450445
436,-0.34610961563396025,-0.4164800796844952,-0.5547524379171058
437,-0.8703012372412128,-0.9688280078478884,-1.007840134904748
438,-1.0715852871041633,-1.2933499883463957,-1.279137126592295
439,-0.620303014935212,-0.9669680624576507,-0.8926855881687439
440,-0.7885625583184086,-0.96404276229681,-0.7973331789962321
441,-0.5401346358536339,-0.7180947985151996,-0.5135287464615218
442,-1.5122020543954922,-1.363237687205394,-1.2248814321756385
443,-1.3365563884495797,-1.166203967042399,-1.063121135410761
444,-1.1473446312331974,-1.254394633470511,-1.009698301401282
445,-1.3415428034707273,-1.2919809493868772,-1.1318902470851715
446,-0.9033362689625389,-1.003589969212138,-0.9701503891726476
447,-1.0829625695777063,-1.2233135050885318,-0.9780592036198312
448,-0.8593808997319717,-1.1207309717607443,-0.8409840453954941
449,-1.0358757305410142,-1.029187122484595,-0.8186113846404615
450,-1.4886776913118902,-1.1923046735656118,-1.242916304988302
451,-1.3998476237131596,-1.430375442414478,-1.327007374027057
452,-0.26509229633304027,-0.4330248233504722,-0.4319528455688848
453,-0.18108927785151133,-0.1465519222255852,-0.2835348466274939
454,-1.2088392700288635,-1.1476316743687718,-1.0067855941804815
455,-1.1615376347585864,-1.2001102786190683,-1.0472880175971047
456,-0.9212342456151066,-1.2420600638098827,-0.9957937909350054
457,-0.7972518871659595,-0.900798031483501,-0.7095301379774729
458,-1.3312548838291587,-1.2617044366610832,-1.0345047251607378
459,0.016064148092540663,-0.10352506510109445,-0.1050849843172232
460,-0.4563692087561024,-0.43681285946522524,-0.4092550740640775
461,-0.575898132633018,-0.6657692774145343,-0.5969316735670362
462,-0.29383428755470736,-0.38716164136623277,-0.3948832014136153
463,-0.8264279869975933,-0.899617303758186,-0.7345596774685627
464,-0.6503684319273025,-0.7671147967514503,-0.6772457288816484
465,-0.38854979022056024,-0.5193529448332513,-0.4278255792384505
466,-0.6151204275482571,-0.6674405024692239,-0.590157042472295
467,-0.49399733358225195,-0.5731755317273469,-0.43598342597371104
468,-0.3058900542683805,-0.4826541098120105,-0.32693754476265
469,-0.28245734606482803,-0.3483673094151108,-0.30044281864440464
470,-1.4379090165072084,-1.4627126102871955,-1.3592899513051382
471,-0.17878073310549245,-0.273137562236001,-0.1846105343825518
472,-0.03197286371487506,-0.15006974093976622,-0.16570302758177527
473,-0.2805883232747635,-0.39307039604175753,-0.36910824264197145
474,-0.520721375291117,-0.5877272124173786,-0.5417540767423416
475,-0.6821315557992975,-0.7720478282255571,-0.6991575403536633
476,-0.654097092648594,-0.7472264544712192,-0.6854151922080453
477,-0.6538424934164735,-0.8207585906338067,-0.6806277119340551
478,-0.46341194932473184,-0.23242026783309386,-0.1364441320698504
479,-0.03756839890417282,-0.06894032385333165,-0.03746613436258295
480,-0.5293175949244804,-0.40244584081214907,-0.3091699446356974
481,-0.5427945254933279,-0.4159436286518563,-0.3268661970963663
482,0.31277611027047103,0.074033852300386,0.017973826786637073
483,-0.7024563404291403,-0.4591669461201615,-0.39923060353074963
484,-0.03358770237521465,-0.006411685748155299,0.07055475537328251
485,0.08623482232847816,-0.15114566711626892,-0.17652889505150243
486,0.24978994153999803,0.09086075241643202,0.0546678285263959
487,0.21056191094929128,0.07306882235286276,0.044261388884500784
488,-0.2367605905043914,-0.13136675322901348,0.005726955207591394
489,-0.7397499743066466,-0.6306094216336781,-0.4822579099085775
490,-0.10943431144724138,-0.07121083351528472,0.09398074370609805
491,0.1238701640038822,0.1410522886773093,0.15189012593911774
492,-0.41269010173207005,-0.17515139962897366,-0.09283156702057735
493,-0.513604470617576,-0.281931585563783,-0.24237435247151015
494,-0.2924346289131885,-0.3051088173790069,-0.22679054618620614
495,-0.17286868980114065,-0.13351482697066322,-0.03537756956281604
496,0.12614590319205218,0.12098892038321744,0.13824469891762128
497,-0.3326040447202929,-0.25152296957044173,-0.27432492165472944
498,-0.6420186519892419,-0.6184208620871261,-0.5568514286199805
499,-0.7189832633571669,-0.6180715222700788,-0.5496333836376078
500,-0.6575595096595175,-0.6372690750426941,-0.5719836833369574
501,-0.8919302623392901,-1.1358192723214238,-0.9871585451396087
502,-0.9335268049560493,-0.9953939729845077,-0.8230925439963264
503,-0.6754010015008622,-0.7774259111363788,-0.681256230866383
504,-0.46850339838974625,-0.7657842132018888,-0.6555588649487242
505,-0.5281835576830128,-0.7708034658208942,-0.6753060293901487
506,-0.6773704176559339,-0.8375475407776007,-0.6358054802713924
507,-0.44732515653474964,-0.4193225982201508,-0.37334463297103976
508,-1.6001973866064176,-1.7552681676148965,-1.3471672246014026
509,-0.26995246630251896,-0.15606342899365547,-0.21965280064843132
510,-0.05769712303828153,-0.03382057819451822,0.005145331652146517
511,-0.5654404549790613,-0.5384571149852664,-0.4696662073010518
512,-0.6547519013997167,-0.6981086271718245,-0.6471792429923925
513,-0.7324086183658071,-0.886600710913749,-0.8005010386212962
514,-0.7972242929800705,-0.9049915434352614,-0.797714897899251
515,-1.2020651192825684,-1.2701549909628231,-1.102805794576105
516,-1.0003631752197435,-0.7046586762581603,-0.4651089393846224
517,-1.2852645762825443,-0.6122799148855926,-0.4397946171488601
518,-2.0007843188833934,-1.362911015984738,-0.9408226547860605
519,-1.8725676548971586,-1.4692984751301923,-1.004801038019201
520,-1.0235530754652113,-0.7265227716929443,-0.35760115384574603
521,-1.7054359385938336,-1.1429710796713164,-0.765958790095564
522,-0.7948621621333785,-0.806306080253464,-0.8922172749433993
523,-1.951683829842667,-1.4730047905699293,-1.1178178583131584
524,-0.624421092746395,-0.4613472752185216,-0.28796466210968324
525,-1.9184498734737572,-1.3848657503600468,-0.996233849276769
526,-1.7749661455845047,-1.310756720905784,-0.8785415138297187
527,-2.0953888298415126,-1.4596883001475114,-1.0564670879983966
528,-2.1290662245732883,-1.479026697158,-1.103244743596342
529,-1.8175120789748664,-1.3160762321995736,-0.9398431227627952
530,-1.029105488784289,-0.9138937124826244,-0.7438868068530804
531,-1.1902354364830625,-0.8235709768511261,-0.5032349295138083
532,-1.2149699199981427,-0.8382464590789902,-0.39445706569505823
533,-0.18245060047649297,-0.37455860646154043,-0.15489442903246142
534,-0.43152059325597647,-0.6749287828674885,-0.5024571692918657
535,-0.7373069516047198,-0.9863625915284467,-0.6319654960855715
536,-0.46724159832374745,-0.7407859979589984,-0.4562078751213365
537,-0.6751376029984408,-0.7862149416036506,-0.6689479146392183
538,-0.9567943702469844,-1.2317472783839145,-0.8317998008624164
539,-0.5871528000850754,-0.6633030199034206,-0.49443967647044484
540,-0.10521186530793383,-0.11603163780751209,-0.08970569457142372
541,-0.26227686198981953,-0.5410104572579761,-0.2709519269037295
542,-0.3389957523247755,-0.42529348483897417,-0.33722809019506467
543,-0.24866502796706444,-0.5563798911138129,-0.36095459461621804
544,-0.226414775824344,-0.548502951234434,-0.28102148407574884
545,0.018810619918424504,-0.18098476278843245,-0.07105399004861182
546,-0.49975388748842736,-0.7987948381669169,-0.46691067904347766
547,-0.4135852375078172,-0.6543317175763445,-0.44096821858799967
548,-0.4218400067499176,-0.5663817774558421,-0.354861876071029
549,-0.4721479303600865,-0.6643546303289595,-0.5957551826081766
550,-0.6457312882864353,-0.7668334569443601,-0.6192980951714712
551,-1.667693329273531,-1.4642655859240177,-1.474479177801274
552,-1.3476470541856989,-1.1178664837756944,-1.108423153690221
553,-1.9460087254451972,-1.7349141751591701,-1.6618721659628173
554,-1.997746882171696,-1.7612591951726235,-1.5942908640200404
555,-1.055520578175355,-0.6270195023118321,-0.6868968446936172
556,-1.9698740472836378,-1.8151165082991554,-1.725910777136434
557,-1.4776310012435165,-1.5437810624130033,-1.5846472481146276
558,-1.310437267704036,-1.1504158850888748,-1.1965746725018362
559,-1.62327883125608,-1.4866711890534612,-1.4257216365662337
560,-0.9839838793180663,-0.7449798647366188,-0.7463695848266403
561,-2.2746768075231576,-1.8858259001163906,-1.8593136812923245
562,-1.3622651712685485,-1.414714479438524,-1.351574334401287
563,-1.5179188260872971,-1.5296964450161241,-1.5326183593305285
564,-1.7360420977402051,-1.4736836711562677,-1.5483144482675295
565,-1.2876186809121852,-0.950896468741522,-1.0264479234541248
566,-1.0870536089668714,-0.9548397546786233,-1.1140416871997354
567,-1.0459794503128559,-0.7823199015106825,-0.7326181405840339
568,-1.6734892871456148,-1.5065241969002874,-1.2850953945864407
569,-1.6469627665945354,-1.533646349566434,-1.2718505514353875
570,-1.1508670242408956,-1.217285910244257,-0.9945113487666188
571,-1.8643341445910713,-1.647537785557139,-1.3503425203766592
572,-1.353878552793547,-1.1772106358013374,-0.8559315559998825
573,-1.0314684551217657,-1.0166859474734076,-0.9155538227237836
574,-1.600155423353161,-1.2516696710005577,-1.0325840963293909
575,-1.1427800891022448,-1.0103844858808302,-0.8858321585786761
576,-1.6713992965324223,-1.390652508799701,-1.172537423973202
577,-1.5703929867689483,-1.4586126314042587,-1.1830431769176109
578,-1.6879410093613343,-1.4499290790360952,-1.1389469791394167
579,-1.4881644943597927,-1.191298667091757,-0.9816545021716452
580,-1.74188208378489,-1.5299364462872649,-1.2138930884652708
581,-1.7349322334800825,-1.63824905838647,-1.379622229029527
582,-1.3490526988656668,-1.3026275650118406,-1.125444146643529
583,-1.3175268308245576,-1.4598782337572713,-1.073959373123503
584,-0.6864518945325923,-0.7143316757359539,-0.5628361075731408
585,-1.0756591904978492,-0.6715453655150234,-0.526644934244487
586,-1.7432556177580227,-1.3853040643271248,-1.077962282535728
587,-1.2478304603856063,-1.2861515833169157,-1.0786394901246514
588,-0.7077273002878047,-0.5263243732997789,-0.587718586351328
589,-1.5716739551038061,-1.5001694200766285,-1.1673497488962958
590,-0.9988784078777541,-0.981780838450262,-0.7899914553540243
591,-0.027817651625915412,-0.2407146347933112,-0.2587375760584644
592,-1.0621754210968604,-0.9100975049953259,-0.8039865140602231
593,-0.37288734410759505,-0.31890504120516394,-0.24366496046083577
594,-1.5348139949375348,-1.1440858089910704,-0.880230555337677
595,-1.6343776622163406,-1.2663894311364952,-0.9326515301951032
596,-1.0816803875003218,-1.0885957940401514,-0.7274045472238795
597,-1.156686207734764,-1.125883256611369,-0.7740672311335685
598,-1.271531666789548,-1.0902217513114947,-0.7840949219650993
599,-0.7161896785510624,-0.7060033048316879,-0.6337138775177528
600,-1.1765143041639288,-0.7155399835806067,-0.6348759027778967
601,-0.5507542541191434,-0.7154104048319723,-0.6198726152488163
602,0.27453258605267156,0.013688523561631596,0.0742501275224135
603,-0.008597433424187773,-0.05752644046645496,-0.006165528001251783
604,0.04936858928615228,-0.03043466993910831,-0.09649641431087091
605,0.14263510579933678,0.014902001201334558,0.03140231819019519
606,-0.32139713491987804,-0.25086603223886594,-0.20516573293844054
607,-0.20399221330800846,-0.2723411570796901,-0.1881633823120557
608,-0.17719787583683744,-0.14859018339937077,-0.15854360631155406
609,-0.05897388124409944,0.009339959229653916,-0.07766457549071652
610,0.08333874104113981,-0.10623317932195595,-0.06448271645866119
611,-0.16942351277709702,-0.0956942267067873,-0.05582647705044198
612,0.023907019004141446,-0.09749964756350678,-0.07813691894448929
613,0.11766730804062545,-0.08265255927958848,-0.3299281676809132
614,0.20110535752397807,-0.0788190497198233,-0.017870908965699393
615,-0.008192128195072182,-0.07378628534603517,-0.08044206267656417
616,0.129752138882117,-0.09019452346575332,-0.08708037060792792
617,-0.05626378728126179,-0.2011145298235765,-0.1967230895895368
618,-0.046581064584367726,-0.11594403181553638,-0.18336371697159304
619,-0.10090038208800507,-0.1077057173009466,-0.04164701072109111
620,-0.32876641847321636,-0.27702864910981817,-0.20163338519927088
621,-0.07214188526192335,-0.4053854057089164,-0.390325483734369
622,-0.1015742067608584,-0.29222336327158943,-0.40494272034716117
623,-0.6635637556471639,-0.6464986552623918,-0.5395285807485439
624,0.038098339780515175,-0.16700632231459805,-0.14213409027377844
625,0.3436261493989615,-0.3018797964939528,-0.3075821540092698
626,-0.5006088326950411,-0.5825063648257393,-0.5553957863778466
627,0.020007980783294493,-0.2179775786500428,-0.2690912259204536
628,0.6995586966893736,-0.058771556801395675,-0.13043962906873136
629,0.22222464718931992,-0.005209217647363465,-0.1137657029459615
630,0.6963500060663347,0.1068070017000725,0.03340748502900456
631,0.638993789981142,0.0485464681637555,0.029027451957777443
632,-0.7808662781552165,-1.0466676139764415,-0.9994711650964183
633,0.497693159787003,0.271653667865882,0.22382600782023265
634,0.3481589452519739,0.06450874895051656,0.02410546980380846
635,0.04668261826736274,-0.2031825411137188,-0.26194661314058704
636,0.015018788929523451,-0.1997300603081165,-0.19790325626389804
637,0.3739857047329797,-0.27225603646849655,-0.30859204806593954
638,0.14512786150096188,-0.24986534548744038,-0.40304841190475577
639,0.222418547697941,-0.264278841494232,-0.2969274073230344
640,0.1905804078689403,0.07121099233310045,0.10189447795567844
641,0.09818149703847878,0.024262439670672112,-0.028040527851203038
642,-0.47438993076443026,-0.38745511536845084,-0.356687824476708
643,-0.2755732556366022,-0.5191549377396352,-0.44888968991795714
644,0.0764609031314365,-0.1399814652682764,-0.09045647763030475
645,-0.21343799021044157,-0.2776421740963351,-0.18396106646716395
646,-0.029017114762314625,-0.11322026824416181,-0.20644070166870135
647,0.2388469064851152,-0.03182342202380136,0.10039889265973262
648,0.301559170635323,0.1097384158801506,0.01791755905064992
649,0.36523293278666913,0.10374343273837769,0.1543775058768973
650,0.3475867141679386,0.08005732689008048,0.05322844669194721
651,-0.792493999958896,-1.060225777551603,-0.5842833050648236
652,0.20599712727078814,-0.07800633763922234,-0.1503046363238208
653,0.395438289666644,0.16806335374911635,0.04754774259335607
654,0.015069349298140276,-0.001640082884583064,0.12556939531016018
655,0.125362982131665,-0.019556832669405035,0.1040445889339655
656,0.23784569459865967,-0.12189995558218239,0.01066966068613966
657,-0.025158834846029664,-0.16828303468727562,-0.09397808915270944
658,-0.008582569059303831,-0.23552764447450286,-0.21522373258470115
659,-0.8213217284557867,-0.6855453192182536,-0.6139292990334992
660,-0.9741721046151335,-0.8239998039049716,-0.8410427993881001
661,-0.7903992791125063,-0.8736449368998297,-0.6507147708243516
662,-1.306546256656264,-1.0756113102487173,-0.8527066012059294
663,-1.6090836823043395,-1.4539445077474262,-1.2212575792637888
664,-1.2151310233229848,-1.2656472092783748,-1.0796703406341135
665,-0.8717464841411203,-0.8142641248371896,-0.7841272711613174
666,-1.8794877010591167,-1.435660189160529,-1.3270172515968033
667,-0.9322718240539735,-0.8017820642907474,-0.8142026572868037
668,-1.3565610079071544,-1.1668947887938155,-1.0789416866216184
669,-1.181505965867127,-0.9902093686197843,-0.9202330211322078
670,-1.3606779816516446,-1.403036645241511,-1.155956650658978
671,-1.1413193640585009,-0.8297556674799964,-0.7859702847539615
672,-1.389505483096434,-0.8374233395124481,-0.9830308983658224
673,-0.2979041298823117,-0.18364812897286592,-0.21423424222728116
674,-0.729421417732729,-0.3789345971127036,-0.4301699327450006
675,-1.5086903365284956,-1.3692135299984765,-1.240744691082769
676,-1.4631689066527076,-1.252202487311496,-1.1081195862695596
677,-0.6418752561995715,-0.41028406080718366,-0.5271694194754305
678,-0.8660337541946636,-0.6579713465032948,-0.49791142956241125
679,0.0854547864024672,0.18826673906223562,0.09997559365709888
680,-0.30345947537223317,-0.15287355431935998,-0.2858789407045307
681,-1.157513437362937,-1.0074403843733626,-0.9130690977111646
682,-1.0445707613152175,-1.0105875772466768,-0.9324558779184174
683,-0.9510045454287247,-0.8330936484596289,-0.786524918281393
684,-1.295427398452073,-0.9018697809588833,-0.8631326547274607
685,-0.9488132325295519,-0.7182707991240581,-0.7377063175103605
686,-1.3733754432384768,-0.9651557123855418,-0.9400138466837813
687,-0.8371136407831106,-0.6174540856673212,-0.5560572427470298
688,-1.2542300438341571,-1.3013076683026354,-1.013175761666609
689,-0.9331492068566657,-0.5552016786605513,-0.6149271825559322
690,-1.0704612612715207,-0.7474875088133304,-0.778210039060198
691,-0.6852032278446945,-0.5293635680752204,-0.6026324329571405
692,-0.9742556469707638,-0.7420129652320812,-0.8128072249904169
693,-1.2156455059540274,-0.9047993221990573,-0.8382308163411496
694,-0.7738732052600755,-0.8264320583817555,-0.6742430610640449
695,-1.004422411443759,-0.9319623719933829,-0.8796432405925534
696,-1.1987929370906154,-0.9460956634796327,-0.779929405663441
697,-1.3327465359373718,-0.9497047827847165,-0.8352837427999904
698,-0.9021875128877097,-0.7712019027670657,-0.5070160192283706
699,-1.0122707475454584,-0.9611024058972255,-0.7807380905895818
700,-1.5504747645458417,-1.1711439987216885,-0.9096835776471945
701,-1.275104679172441,-1.06021907853059,-0.9366578513702931
702,-1.266517163498146,-1.0115296732017698,-0.9257552001434834
703,-1.5418467267167557,-1.0920750981928786,-1.0590523297062395
704,-1.2376863364463626,-1.128329698755391,-0.9958038559923025
705,-1.3987027991193839,-1.076518908633574,-1.1591003244733398
706,-1.5482021912185067,-1.344177671592639,-1.1804623515740449
707,-1.2103202776811979,-0.9737190623971186,-0.7843540738161239
708,-1.4207394569803156,-1.1285937055541293,-1.0056575400087246
709,-1.323723952008468,-0.9128135274898476,-0.9204831904524896
710,-0.6964718945992149,-0.6199755120444393,-0.4303544025143059
711,-0.9361717577294228,-0.7236903837791001,-0.5031767327830139
712,-1.4650800598482037,-1.065007149694088,-0.9292112294729428
713,-1.2038814861574616,-1.0098033699905635,-0.931552279900519
714,-1.1046026620092728,-1.0486086702314241,-0.9866075149691617
715,-1.3791535913767525,-1.2631163764753155,-1.2474367989093664
716,-1.803350049027034,-1.5758018740373694,-1.3991774406493453
717,-0.94726930099749,-0.7826122105232455,-0.8366539757857947
718,-1.5986591627019473,-1.5743132582508939,-1.552257635455287
719,-1.6188494264951978,-1.6789176361835536,-1.4936390932805288
720,-1.3903870632442334,-1.4199058311568027,-1.4081028118985073
721,-1.6049859932814372,-1.3769744093145964,-1.2793594496884029
722,-1.5467612865113045,-1.4434700617585277,-1.3885470426400242
723,-1.246081949565939,-1.2831849151679395,-1.2236600412657177
724,-1.370793489113338,-1.2638244314058098,-1.137074910170758
725,-1.51766269958056,-1.4738778320079522,-1.3257954221117105
726,-1.0553627416022076,-1.0651479677794142,-1.1354395728642972
727,-1.1788157510270696,-1.1040393960894146,-1.0404091580835968
728,-1.2257723738849247,-1.1313444488065405,-1.0710529676204252
729,-1.6055170968804666,-1.4993623852509133,-1.3827340937535595
730,-1.2783354295323215,-1.37740114666966,-1.2624604244322843
731,-1.3486447508785149,-1.3375685396687853,-1.3128106976734908
732,-1.4584633732004961,-1.2130530715953463,-1.2912037720119807
733,-1.2592597314509544,-1.001328702448346,-1.0409594104293012
734,-1.6000344399528308,-1.4444069444967778,-1.488770632926793
735,-1.2817135675674882,-1.0170539822779205,-1.2368181397770663
736,-1.6264613525468223,-1.4647211822206514,-1.531193754429274
737,-1.4653139424513095,-1.4015509455775863,-1.5085567786919316
738,-1.474507452468945,-1.223872367198842,-1.3331518207429056
739,-1.0652960109162297,-0.9629182778996398,-1.0931929021982931
740,-1.39182885996552,-0.9469094917054829,-1.1556894198898169
741,-1.2155395457481333,-0.8327547686898825,-0.9634198382504371
742,-1.2087145038271523,-1.1028999100001873,-1.0864688527078796
743,-1.7187101635454778,-1.6845718881897525,-1.6466062254229636
744,-1.2782191795562052,-1.125773903337512,-1.2894949406932197
745,-1.2848552951615986,-1.0667337758354676,-1.2106418488537942
746,-1.4050989934471674,-1.0981315628495927,-1.2523332202447446
747,-1.852954021205768,-1.451558082359642,-1.549186202274383
748,-0.2789877725840361,-0.3866072379753507,-0.5791527414823587
749,-0.30788704150480034,-0.48900996084209936,-0.5835834488554903
750,-0.7927226456823866,-0.6824467490276032,-0.8161108580873893
751,-0.38324037111854525,-0.3303073981385993,-0.4715659875369126
752,-0.2991375025264204,-0.9012616864628761,-0.9604109599059015
753,-1.1204340350383972,-1.1257868722831472,-1.2205646272282227
754,-0.6172355365797856,-0.6811305659042759,-0.701179374956932
755,0.08139420874893688,-0.527414611464929,-0.6303354556051004
756,-0.33979195710202137,-0.3892139949435889,-0.4063738744533615
757,0.3321249872237892,-0.3573375902834173,-0.47832527004652503
758,0.019168977970104344,-0.39084403800146317,-0.5104388792033535
759,-0.8235052178176084,-0.8448429996761929,-0.988364413019685
760,-0.7129358580930888,-1.0393905056637605,-0.9999491553687542
761,-0.06610027355461112,-0.1645921189147243,-0.18111152046487775
762,-0.6594497941897877,-0.6741273314253726,-0.7452344211211852
763,-0.39834590577975343,-0.6468061852978838,-0.8212067883284603
764,0.08350381035281043,-0.5620196408368587,-0.6964235765896344
765,-0.5044517143687814,-0.8199179164603929,-0.8235470668276779
766,-0.4073036224555829,-0.7435143852761135,-0.7956640113315465
767,0.11591877696496669,-0.03688898501451229,0.06041704592588503
768,-0.18206501404985334,-0.29153460831805944,-0.10860011794575591
769,-0.26136032738412535,-0.37211111152694687,-0.27332389155506587
770,-0.20147935723342542,-0.23700845392248318,-0.23141857932454485
771,-0.227220982944131,-0.5023281546108106,-0.37691931100522286
772,-0.15441065605377338,-0.21614953803440443,-0.1935548359734612
773,-0.3764324804371155,-0.4132547298160499,-0.2591389898709935
774,-0.2085589434608644,-0.4011605661091214,-0.3293373849052306
775,-0.06783497631675478,-0.14504986156947988,-0.16118846398297854
776,-0.012133330710613047,-0.2257860243649266,-0.18906151986269096
777,-0.011624567180629219,-0.17989278930711433,-0.18373885428674108
778,-0.2247146029501469,-0.2446842800953768,-0.1593242306160642
779,-0.7022009125306747,-0.7066864662692459,-0.44319621197746545
780,-0.10104363588244454,-0.1573063326786218,-0.1568510874514202
781,-0.19224545318020742,-0.260139039494001,-0.11438415293053852
782,-0.343097887787846,-0.3700452311434469,-0.2613626114505918
783,-0.28023414308921907,-0.5252730543272692,-0.37347290731434546
784,-0.3108669019225617,-0.5317104566926178,-0.3515036907972409
785,-0.25418559848757316,-0.5034194845833831,-0.31191650522310777
786,-1.475660792464193,-1.3302299818298988,-1.1634368574320875
787,-1.4188465828405026,-1.0386870558186159,-0.798098995660856
788,-1.947477750457387,-1.57735583162306,-1.3806940654642175
789,-1.6952130943620325,-1.2994552589909392,-1.1204516019789927
790,-1.8983316471647433,-1.6488735044041583,-1.4343002594317693
791,-1.2154418119990595,-1.079624737800099,-0.923415257748597
792,-1.0191512045792215,-0.8235766685270891,-0.5350614447136673
793,-0.5539812343488657,-0.3713128911773663,-0.3895680604007621
794,-1.5260409399307713,-1.2554815867913836,-0.9501027231841045
795,-1.5850460307967889,-1.2078819803098413,-0.9356587659911505
796,-1.6909564982874186,-1.3657664624233585,-1.1085054626841948
797,-0.9790429823235419,-0.7142782043732496,-0.46728748582567237
798,-1.7449299852624751,-1.4832719927033977,-1.2503186669917803
799,-1.5246721397865297,-1.3480065010107758,-0.994008407189088
800,-1.43966252565701,-1.0945122176314552,-0.821714671502191
801,-1.3422300213496507,-1.2370654728471386,-1.1197017420118691
802,-0.13716168898750977,-0.33034024855258215,-0.2567185638088305
803,-0.32631159340326377,-0.572451224142355,-0.4123652709813862
804,-0.41310375688408546,-0.46370074216634327,-0.3536064868249116
805,-0.19529206702600638,-0.2745232957942992,-0.20256083805474898
806,-0.3862646063296067,-0.6263406271018686,-0.6744450199801136
807,-0.917045565553254,-1.0222945673391308,-0.7686630135322459
808,-0.5004489307767559,-0.6793947065899247,-0.6761838926040984
809,0.0026106808239265943,-0.35480878507703195,-0.3220003704122598
810,-0.30711031857754234,-0.3946793846130461,-0.24694949913323322
811,-0.07309463155739368,-0.3615368522904046,-0.3925379857349505
812,-0.081838033666741,-0.39639000440337985,-0.32804818253207624
813,-0.20668348802865022,-0.30333478462270813,-0.256075302445934
814,-0.15522272375107526,-0.32478221313491956,-0.28846469925550977
815,-0.5733039878848147,-0.580606389581916,-0.4691386826580033
816,-0.437343119195241,-0.5051153495968117,-0.4569383386509088
817,-0.2586219866699913,-0.5800479379093791,-0.5007686372378533
818,-0.4819276456983222,-0.7278671416112306,-0.5836958578526797
819,-0.3402082317733025,-0.6467342641032,-0.6731651050840994
820,0.2735901317514461,-0.07303566933521914,-0.02667880359195396
821,0.13890799801086656,-0.17957419015234183,-0.1864450357470671
822,0.39370495818127316,-0.0553808826448124,-0.057345857897288216
823,0.2749131767166916,-0.042749572903372016,-0.0986536651433279
824,0.09019474679734837,-0.25796322622240153,-0.2578222572266098
825,0.06859447615612377,-0.2433501331397392,-0.2594118304083701
826,-0.04028503999967681,-0.32652309410292063,-0.327103088965406
827,0.1912677184866241,-0.13912238756857728,-0.05358663158739395
828,0.07606741214288838,-0.1062604719372882,-0.11769761046639651
829,0.2867503523583342,-0.04027621178970879,0.049132811049267935
830,0.20897354103405202,-0.14263689954817216,-0.08976097166396341
831,0.19311505654699224,-0.1430034615449019,-0.11168194403358898
832,-0.060935674515432345,-0.42555904618195844,-0.4192340231547601
833,0.06268234457049605,-0.15738153595620955,-0.12803410134086135
834,0.3198457501040034,0.044942948024188856,-0.05570242773258062
835,0.22149870622120338,-0.00370507856720749,-0.057410366374892025
836,0.12892739574863882,-0.2511744937146776,-0.12889931337296717
837,-0.0570444923612686,-0.33726475614109225,-0.3846532293370519
838,0.10670859107773635,-0.3362730521925289,-0.34405795493957186
839,0.2355729118486876,0.2967423119302125,0.19198564210619765
840,-0.23957373180291633,-0.06564370878227224,-0.25719417498515446
841,0.17756521005640377,-0.09230430341450732,-0.15564648592673905
842,0.4170455127632864,0.28461422018170907,0.12943182273243717
843,-0.2788604070359123,-0.36161918333665194,-0.4335549160915432
844,-0.5977403896964761,-0.6088893857092782,-0.4453849387290508
845,-0.32164523855128685,-0.2233624716875884,-0.3580732311882723
846,0.14282002380736977,0.07971075881011769,0.04047052542119681
847,-0.046247235545209237,0.059670750304195025,-0.022666398945961827
848,-0.09045472026247306,-0.09987676130373344,-0.13549857640693622
849,0.06798990515024195,-0.016820225808659977,-0.05227040878251118
850,-0.14338325445557235,-0.181492007917103,-0.2537012341666127
851,-0.893121970188483,-0.9269493914969028,-0.7965613468921453
852,0.12049315521153314,0.0842247015050264,-0.051520723140855866
853,-0.15191344764840792,-0.17657707631071784,-0.26502724350265183
854,-0.13667169291658698,-0.16207505931607197,-0.24625180768629082
855,-0.13601088944569256,-0.08122548838169993,-0.11626879839012301
856,-0.24737444137034703,-0.0995565740247832,-0.26455677993701604
857,-0.33763713404105117,-0.3928818705292829,-0.4541839456956009
858,-0.17011192285016102,0.12786577044039837,-0.10011271051567705
859,-0.3230077613650706,-0.08631830275039944,-0.31001678752420586
860,-0.7047463974160408,-0.3474806493980298,-0.5390326364087704
861,-0.6144358932057116,-0.3223115332986805,-0.5611215386931278
862,-0.5173019240033233,-0.38363700532269585,-0.7102598473316957
863,-0.7533457395219323,-0.44928622340216,-0.5454019936419009
864,-0.5113951399951723,-0.23135190404452055,-0.4635585227074037
865,-0.29439293085673923,-0.21481174724238022,-0.45496761479545184
866,-0.4477628776676843,-0.22389942594822604,-0.4592166973520077
867,-0.13204525330629477,-0.09054003274723002,-0.2722276940487069
868,-0.4338217405323414,-0.15735024801270991,-0.3911998460352707
869,-0.511791552824786,-0.1748145420688838,-0.33222218545003596
870,-1.1254727540149045,-0.8784393977625664,-1.001971375427369
871,-0.33457120227095627,-0.10035127221639749,-0.27501532639514387
872,-0.3004652916051913,0.0018293402313884497,-0.18703903807101238
873,-0.6729677852268339,-0.38908256319423423,-0.5868212349337456
874,-0.5094017732382429,-0.3535865884912229,-0.5910741419060253
875,-0.34470897970911574,-0.26056658692570556,-0.4422454507502822
876,-0.3653336810436248,-0.19570460672214873,-0.554324846713982
877,0.008438793241210593,0.02105572090120807,-0.10606704925134978
878,-0.273330357533143,-0.3368399047667393,-0.24229932838186052
879,-0.15882380826506465,-0.28414861383037915,-0.29819768938435337
880,-0.14230321244769661,-0.24281405215616977,-0.23626402121332463
881,-0.5420515800907151,-0.6014139960037603,-0.4936087493771396
882,-0.36939134461411316,-0.4245881585580829,-0.4047115849036522
883,-0.27622440343058446,-0.2937907792962915,-0.28154160266641576
884,-0.24756320721916664,-0.39508785378703754,-0.3028093248299701
885,0.08992265966866222,0.0401203565276852,-0.03594491771016305
886,-0.053097378285550216,-0.11117761278610491,-0.11969452961943731
887,-0.206523236509285,-0.2407022279759337,-0.27795902827024876
888,0.11284511429750449,0.002793589058995994,-0.0779008161436137
889,-1.4739663013842188,-1.6013040565359284,-1.1578122637364854
890,0.015025303370593893,-0.06137546352133119,-0.17532808316693546
891,0.21220493488329864,0.19302604841801796,0.09636464739771902
892,-0.23753350424768127,-0.3335216900777102,-0.3738258433880472
893,-0.39045485610273506,-0.5206771023285391,-0.5177825983948221
894,-0.5409958448820392,-0.7346795473295319,-0.6186616800909234
895,-0.42915504139443844,-0.6029992469128372,-0.49218107209417306
896,-0.6560242757822454,-0.18324064438408452,-0.1671228025527723
897,-0.8283138451274649,-0.7260186154539331,-0.5693248033558175
898,-1.2438373538413594,-1.0980302403657343,-0.8554133671473185
899,-1.7268264585327104,-0.8401691294046241,-0.9217833172116123
900,-1.184512815775055,-0.8785752806396938,-0.7455563498696064
901,-1.0543174760318719,-0.7965009552440913,-0.6834194072389294
902,-1.5280164666166665,-0.8897929671226789,-0.6913635980308923
903,-1.6904252666441932,-1.2735183171928535,-1.0064989052152282
904,-1.685837865189767,-1.0778736272493807,-0.8791227565428831
905,-1.4153364453805273,-0.8979165706046317,-0.6805665881508152
906,-0.5644015669173571,-0.4009373180719925,-0.39105382521418497
907,-1.2047837994789283,-0.9471796844814342,-0.6239425063413898
908,-1.9016745639281152,-1.482981266211827,-1.0406122800306035
909,-1.5975405399166183,-1.1463951421786556,-1.0153146391211165
910,-0.25356633381960014,0.0068093128680377715,-0.1652006328122864
911,-1.5719758961531816,-1.024527744430726,-0.7631013842857872
912,-1.3162396367756033,-0.75565694474213,-0.6485056510308591
913,-1.3832706691275698,-0.7661080961492759,-0.8388250007831686
914,0.3009119595377925,0.5323596534716853,0.3776416583569379
915,-0.14410150965100335,-0.007167813008153494,-0.10682418410973205
916,-0.6172198144617228,-0.4572605490562211,-0.3649739754245845
917,-0.392134124035681,-0.28506570267691894,-0.40115369247676025
918,-0.8012077379348957,-0.6329906447712105,-0.6184016711729367
919,-0.6228118174714107,-0.5185192498983241,-0.45807430828130935
920,-0.20707696660727387,-0.16520500818597095,-0.18683958319886887
921,-0.29904036683055757,-0.21652960891059753,-0.23674917121749253
922,0.07394655055741907,0.24349809075374573,0.07825925367619467
923,-0.2025125782384052,-0.10906108528417888,-0.13347366612748657
924,-0.22949982039296807,0.01214328429706953,-0.0825790126218858
925,-0.2183875043948116,-0.10393442150775373,-0.0627405429768993
926,-0.6763238328541111,-0.6567268292945591,-0.6792092147165679
927,-0.1993822667032541,-0.002326754516625615,-0.15759311448400423
928,0.23767347774388617,0.511030394309507,0.3840661641536117
929,-0.319714894881296,-0.2173782467730382,-0.24955461515541674
930,-0.5008133409789267,-0.3893678610406498,-0.3931885230452436
931,-0.3362388927714551,-0.29063554889047183,-0.34737210719401157
932,-0.552551387482626,-0.5235408078494691,-0.48922721411941267
933,0.23706722637600758,0.16734281405560658,0.04951508813570515
934,-0.17110177195606985,-0.20654045386133127,-0.2730242226436507
935,0.0975065228888663,-0.02513548438464565,-0.1753969250404581
936,0.10836118317535777,0.04771543896750203,-0.09205360864726961
937,-0.15863412459603368,-0.18303563110595622,-0.27105677356961866
938,0.01799988559021429,-0.06936123162663184,-0.22507777734691886
939,-0.07394958532648484,-0.16878122116810387,-0.25609542097102705
940,0.0756571126819834,0.10893884651551707,0.04365020687483913
941,0.14587674393474884,0.0892208213715296,-0.04748079057896931
942,0.07391306348191126,0.1525949374840202,0.04033039128044781
943,-0.11663739470238546,-0.20361792408232698,-0.20531117994206666
944,0.07020764947062494,0.021459373985797184,-0.1158982291873788
945,-0.14061466454295185,-0.15643035559658355,-0.2675839252136778
946,0.11326596163331143,0.033521576325939266,-0.10627981345709502
947,0.06983361499154082,-0.007959136676151456,-0.06360686869751916
948,0.15987181606448417,0.04810302255695744,-0.11695648112283726
949,0.011111733280646643,-0.010107882844756798,-0.12232956616735181
950,-0.08960515180180882,-0.21068399646540212,-0.3122233740532147
951,-0.1899932081642367,-0.2213865577847317,-0.3612757086836699
952,-1.5622599676604072,-1.4574336085574238,-1.405422643333004
953,-0.6409632145499231,-0.3832262403604177,-0.4174830579074441
954,-1.6753373402692486,-1.5274533209084031,-1.3934066702281287
955,-1.6688024560929753,-1.1689202553003257,-0.8433176469161037
956,-1.878645576926598,-1.6374937470864923,-1.491891547109281
957,-1.8549701115404427,-1.4066221905148408,-1.225342229668558
958,-0.19662598170590187,-0.12130151727543846,-0.22071841018104213
959,-1.6968670570348803,-1.6623348463267276,-1.72843447577429
960,-0.7460518690584074,-0.49244265854425073,-0.4919884068754982
961,-1.3476811685908907,-1.0428244684553158,-0.9448142836844815
962,-1.7021477482703757,-1.5303431153055698,-1.3687020034200297
963,-1.7273305294301875,-1.3780280767189836,-1.1408313596600612
964,-2.2008813539684544,-2.266066150966828,-2.1514956491394255
965,-1.7669382335921482,-1.5938230562387303,-1.661935973574652
966,-1.9352680056353524,-1.7153247345245777,-1.5998192032448895
967,-1.8196149284907635,-1.7205172247663012,-1.4346716745294863
968,-0.5577710734108515,-0.8213934553966771,-0.5823447542518742
969,-0.5764331260719887,-0.8942199623957657,-0.6832405059218319
970,-1.0043254467699922,-1.4211665280007995,-1.1655907192065174
971,-1.040282319027245,-1.315044513749926,-1.0364461137660848
972,-0.6025134758694142,-0.9177542546606539,-0.7340899124314473
973,-1.110821096064496,-1.5417688382468913,-1.3123761790767574
974,-0.8123279676471901,-1.2837546406049483,-1.0628062129287492
975,-0.11561475206782389,-0.1203646569402602,-0.02424574175551774
976,-0.7952543594308776,-1.150226160221956,-0.9942070961672038
977,-0.3180424958504208,-0.5040086104184961,-0.31232797953766556
978,-0.40862887902963013,-0.6106099070247843,-0.45123609184365143
979,-1.326977505431753,-1.5659625911642125,-1.3199533009049125
980,-1.2396951168121764,-1.5372276759803207,-1.3444654589493195
981,-0.6171587865575758,-0.9727689285049536,-0.8873672307081453
982,-0.8635138994084247,-1.2795191053292392,-1.037753351295296
983,-1.0984141623511738,-1.305599233192872,-1.1058365678105835
984,-0.7987546827452002,-0.9751083330699658,-0.8603589471351895
985,-0.7611766518291999,-1.0935744383961654,-0.8022892919534411
986,-0.5752936362602789,-1.0263397407113877,-0.8096108565410469
987,-0.7695848305983425,-0.5962308042119647,-0.39748569942098666
988,-0.3697731203339021,-0.05934634150324423,-0.02194049405157511
989,-1.2640066773974257,-0.8218147960896275,-0.7107619797168793
990,-1.0606809934875554,-0.7801813506785842,-0.7198520839424957
991,-0.4642021241447637,-0.27590144111298043,-0.3355988414650371
992,-1.3321801602501377,-0.9927259826696077,-0.7609727206722235
993,-1.0662130340839402,-0.5933906594226367,-0.4171686096504534
994,0.3410795444293589,0.1999562789664606,0.07627678201657019
995,-0.8331826052589184,-0.4619792974130655,-0.34227753771523933
996,-0.029822751843590994,-0.011107127459870296,-0.09964394991984814
997,-0.25898341766663896,-0.04295531264125378,-0.10113050703440218
998,-0.9869128348043398,-0.49317479729639685,-0.2566897984158303
999,-1.3902824405326413,-0.9880810513650968,-0.7323889199800954
1000,-0.7651885329794198,-0.41252202308746694,-0.2606811747375968
1001,-0.9179227823593472,-0.49619831449838936,-0.49055619286992636
1002,-1.0028321030222391,-0.6277267627408133,-0.3673229678692454
1003,-0.6507443783935689,-0.35889495754059786,-0.19513845705807367
1004,-0.7791802957917626,-0.3418475139702495,-0.32231405042266276
1005,-0.49440511709434987,-0.19487720204259762,-0.14543058938573422
1006,-0.679072796779678,-0.8189185094574571,-0.6784735345048959
1007,-0.484083979002741,-0.5924334809711466,-0.5465553773052444
1008,-1.2646845556795392,-1.419180768020603,-1.1644848832312251
1009,-0.7581381475739297,-0.8086619360682497,-0.6932674765593924
1010,-0.3873538948871155,-0.45132761270161353,-0.5448821354549966
1011,-1.3178419694078958,-1.5512540729327857,-1.2721545426411174
1012,-0.9485533800685031,-1.1222524736921695,-0.8714465669999516
1013,0.03777765191792093,-0.0019743244623274636,-0.014385084401519246
1014,-0.8105622127631101,-0.8103937373698303,-0.6762656716520875
1015,-0.037133692400074456,-0.053581750825524306,-0.1122118510875085
1016,-0.282022749177288,-0.2699203550655431,-0.33493816465535986
1017,-1.0629199335927342,-1.1880751231548963,-0.8893542072599204
1018,-1.2698611433329945,-1.539136588573825,-1.1142454510926574
1019,-0.834445033105642,-0.942860134292696,-0.6779795404447952
1020,-0.6478874032221211,-0.6560940204566312,-0.5562290411853873
1021,-0.8377290331056946,-1.072576722010627,-0.758156584829495
1022,-0.48066469237632664,-0.6249747859364735,-0.3571110897079204
1023,-0.5224424823002399,-0.5626426490329353,-0.5542509310844415
1024,-0.3406095126270557,-0.48229801019458535,-0.6074700307057493
